X1;X2;Y
0,98624968;0,54838705;0
0,885304925;0,864004751;0
0,404844256;0,4565521;1
0,62714349;0,712583605;1
0,385455987;0,329464598;0
0,847860879;0,415758752;0
0,52684857;0,190388079;0
0,807403653;0,831177186;1
0,393496507;0,868723602;1
0,961734067;0,617825068;0
0,030120594;0,116142694;1
0,953729934;0,608182947;0
0,714384901;0,436326432;0
0,646548231;0,432828735;0
0,446652258;0,633199885;1
0,174626911;0,596111769;1
0,835247082;0,336147588;0
0,970093852;0,210879267;0
0,134974899;0,440689685;1
0,250989007;0,268339341;1
0,910007125;0,568144574;0
0,676465914;0,124767501;0
0,623160746;0,738173192;1
0,512215687;0,848840081;1
0,003482746;0,982431527;1
0,226888306;0,620377512;1
0,978457291;0,554675895;0
0,861252404;0,596136263;0
0,014385224;0,887111634;1
0,485776865;0,940203746;1
0,416402965;0,817768406;1
0,772902418;0,145889256;0
0,488147533;0,729809593;1
0,522564569;0,973051607;1
0,782049429;0,780541684;0
0,591229348;0,223415627;0
0,126392776;0,695899311;1
0,109719267;0,714372079;1
0,662905388;0,14935538;0
0,997093115;0,330693967;0
0,346180942;0,198832691;0
0,176054515;0,034347994;0
0,067888961;0,374352692;1
0,309395887;0,729444446;1
0,334759798;0,367149975;1
0,376167568;0,985041018;1
0,952206831;0,49907043;0
0,719320511;0,457335788;0
0,779342435;0,574082448;0
0,617658661;0,940931778;1
0,649238334;0,248341861;0
0,756283305;0,690928079;0
0,147834189;0,446883523;1
0,599453678;0,359680273;0
0,898608689;0,508501373;0
0,171932856;0,190442067;1
0,818928108;0,416399844;0
0,069293759;0,93056573;1
0,955687262;0,490640429;0
0,317337838;0,714723502;1
0,005201173;0,991966376;1
0,759935507;0,633776778;0
0,30867982;0,016805561;0
0,715255675;0,515549449;0
0,080947518;0,4052185;1
0,845877924;0,248751762;0
0,718376203;0,355410183;0
0,870392998;0,008245801;0
0,872159692;0,217357214;0
0,761563224;0,397535879;0
0,669456459;0,972028199;1
0,902028271;0,649488865;0
0,82146232;0,40119533;0
0,832657269;0,493793375;0
0,639917933;0,938504655;1
0,156204323;0,52662103;1
0,783167945;0,450557438;0
0,731405398;0,804099615;1
0,56473196;0,539770091;0
0,72334926;0,689531286;0
0,239738096;0,988544364;1
0,489858533;0,757432813;1
0,42360268;0,485508321;1
0,795677552;0,321784932;0
0,763409985;0,833391452;1
0,238888806;0,084857348;0
0,63510933;0,844314141;1
0,231545213;0,756884202;1
0,615938181;0,302168062;0
0,268504552;0,769053898;1
0,991213148;0,653746067;0
0,760318873;0,315451557;0
0,48216737;0,652062298;1
0,945200336;0,384940735;0
0,36073827;0,335688326;0
0,084391036;0,006701881;0
0,948513532;0,475825954;0
0,690827489;0,798858997;1
0,615508587;0,462141371;0
0,894978059;0,528981804;0
0,012538211;0,001638984;0
0,300912038;0,23798253;0
0,965080758;0,079534599;0
0,102090532;0,995796029;1
0,596021726;0,937308087;1
0,468977677;0,987482126;1
0,71732564;0,631343327;0
0,858870933;0,094853443;0
0,18559841;0,979497354;1
0,462374971;0,135122435;0
0,90329976;0,016106358;0
0,022104509;0,983881014;1
0,760406153;0,67233978;0
0,795852;0,264761993;0
0,313850907;0,151883152;0
0,235825197;0,471826912;1
0,494451784;0,5495042;1
0,685254456;0,869498196;1
0,944633694;0,367650228;0
0,439311918;0,413166577;0
0,497434352;0,402622745;0
0,098617923;0,530513397;1
0,554437515;0,009593112;0
0,43569432;0,860293328;1
0,181264573;0,378543911;1
0,153811811;0,194704172;1
0,933729379;0,636365874;0
0,13626561;0,290290846;1
0,998544997;0,937937854;0
0,690620626;0,563832208;0
0,961042456;0,299846752;0
0,775501507;0,347922862;0
0,000724134;0,794022447;1
0,325471412;0,126551619;0
0,544103631;0,855905855;1
0,306506319;0,574814613;1
0,67270389;0,142642904;0
0,345713321;0,081981653;0
0,980599416;0,513278788;0
0,35396831;0,366691126;1
0,019515479;0,444927004;1
0,812752052;0,331239815;0
0,982814437;0,012069898;0
0,311835808;0,281157839;0
0,378908432;0,088951054;0
0,748029447;0,943560735;1
0,442830077;0,588996735;1
0,099891501;0,665677817;1
0,992622451;0,423016176;0
0,536261959;0,083424152;0
0,134547968;0,173151072;1
0,131300005;0,152217187;1
0,86399368;0,232286824;0
0,708272485;0,741434462;1
0,998240697;0,847034058;0
0,815756916;0,781977288;0
0,782239865;0,50904303;0
0,763615749;0,955693572;1
0,904975243;0,404662142;0
0,103121871;0,552518787;1
0,211710376;0,407041983;1
0,851088619;0,19048205;0
0,742965161;0,246113081;0
0,405071;0,931649559;1
0,305041813;0,106786293;0
0,474194974;0,01007677;0
0,144737666;0,136403594;0
0,49434015;0,462191473;0
0,530124238;0,09366389;0
0,510242426;0,316469556;0
0,227469155;0,513710814;1
0,934993914;0,502961762;0
0,517692084;0,25619678;0
0,459260904;0,358710203;0
0,77673799;0,989662208;1
0,733803246;0,433468518;0
0,602381924;0,983245278;1
0,056929031;0,626497513;1
0,072003199;0,605950839;1
0,635681635;0,160948248;0
0,876333822;0,468042143;0
0,427479443;0,837247549;1
0,708403419;0,064325083;0
0,07019012;0,287384032;1
0,019065161;0,627661012;1
0,508309856;0,197187931;0
0,869405992;0,874040943;1
0,798549012;0,147287404;0
0,799234056;0,859534942;1
0,196113301;0,963512015;1
0,714374374;0,092446398;0
0,215008426;0,146755686;0
0,786507421;0,453556264;0
0,172147526;0,757000735;1
0,20614723;0,615199535;1
0,464474191;0,135677629;0
0,074526505;0,302997574;1
0,59658051;0,415325861;0
0,190990468;0,649913343;1
0,934817366;0,834674967;0
0,307512506;0,366687917;1
0,46189212;0,128353871;0
0,829753283;0,896636311;1
0,300137506;0,181207034;0
0,709619852;0,549026784;0
0,074601075;0,976340004;1
0,750215813;0,463159247;0
0,468905402;0,577013835;1
0,944913965;0,437108927;0
0,013973898;0,273649163;1
0,054198845;0,425243659;1
0,738448867;0,032888237;0
0,635565081;0,087757567;0
0,930972196;0,895457498;0
0,460960605;0,396995407;0
0,512889944;0,441465828;0
0,424481113;0,885572641;1
0,415916936;0,724811624;1
0,388234284;0,456772169;1
0,855537209;0,815218683;0
0,823018912;0,635700509;0
0,913910348;0,838999584;0
0,836041941;0,197765314;0
0,868087587;0,807496819;0
0,775587256;0,922993406;1
0,431927924;0,743532285;1
0,436097986;0,365707605;0
0,224304726;0,020033116;0
0,01318434;0,923923426;1
0,37596625;0,110801202;0
0,838562311;0,113759466;0
0,286243337;0,001942516;0
0,284129129;0,01687582;0
0,327080345;0,252520292;0
0,47620926;0,382382868;0
0,225983345;0,174549552;0
0,962006196;0,430739706;0
0,306458225;0,458706407;1
0,778925585;0,348038579;0
0,895342443;0,748674572;0
0,253723319;0,133540504;0
0,145753337;0,59668862;1
0,341496273;0,605871525;1
0,733134685;0,130050415;0
0,033863913;0,408512076;1
0,54423876;0,030631836;0
0,5584454;0,728385733;1
0,669683722;0,475385977;0
0,583926923;0,905847334;1
0,685909089;0,246676885;0
0,765983868;0,527389475;0
0,897662116;0,396428725;0
0,96678967;0,464425061;0
0,905793529;0,253795552;0
0,178579386;0,986163295;1
0,978488028;0,420309838;0
0,897985742;0,3184785;0
0,029361403;0,758816624;1
0,282022356;0,649606326;1
0,187901149;0,292632373;1
0,608753509;0,405552584;0
0,209354383;0,898388949;1
0,997734664;0,302479563;0
0,016761821;0,668352571;1
0,439628161;0,771078573;1
0,14839519;0,686447306;1
0,621445936;0,739634012;1
0,754368785;0,192349208;0
0,280596953;0,688971048;1
0,527179682;0,126117906;0
0,31244058;0,959578862;1
0,181740868;0,101472737;0
0,779252944;0,45265407;0
0,809509063;0,952785132;1
0,723312946;0,040483744;0
0,04530949;0,470860593;1
0,61329975;0,88884153;1
0,335214889;0,217383133;0
0,583862595;0,659185647;1
0,913177811;0,520583755;0
0,501272496;0,484845293;0
0,417509543;0,772062339;1
0,799457504;0,482664703;0
0,890609162;0,789062795;0
0,513353332;0,359214839;0
0,389726462;0,221227846;0
0,930638701;0,805989077;0
0,28273215;0,927171904;1
0,769937143;0,780967584;1
0,727583213;0,627467598;0
0,914607997;0,81237286;0
0,106120412;0,614281795;1
0,888937611;0,414074998;0
0,595040447;0,777256914;1
0,012079956;0,083057578;1
0,238314376;0,239585746;1
0,123623852;0,138063237;1
0,880784314;0,490134553;0
0,813232277;0,635693291;0
0,763338305;0,848351961;1
0,810387072;0,942566672;1
0,682253868;0,792429489;1
0,62480207;0,329331348;0
0,368078541;0,201994592;0
0,202780213;0,187045607;0
0,275051214;0,162372116;0
0,481543866;0,128587804;0
0,400191245;0,639048924;1
0,702295834;0,92156942;1
0,321360948;0,182391403;0
0,048453166;0,520006761;1
0,777486178;0,231642125;0
0,553402873;0,741281941;1
0,06774935;0,059570341;0
0,496176501;0,467330117;0
0,836105177;0,136292137;0
0,460934102;0,934006581;1
0,780025402;0,62855022;0
0,491743867;0,498334731;1
0,695713961;0,576028368;0
0,985061903;0,993270528;1
0,35317226;0,054166536;0
0,621991671;0,493686661;0
0,515893755;0,099054231;0
0,815032271;0,311701008;0
0,489063994;0,776133702;1
0,731459565;0,716832824;0
0,710574492;0,341385986;0
0,834411633;0,847221307;1
0,010924177;0,335927681;1
0,048377033;0,219918598;1
0,501267344;0,260771262;0
0,29168932;0,771386052;1
0,01379266;0,898357174;1
0,794177847;0,579687728;0
0,067282673;0,287332557;1
0,310177848;0,233067482;0
0,340005416;0,806040743;1
0,816777915;0,420413842;0
0,004372839;0,604843244;1
0,493816022;0,507996167;1
0,613448041;0,094959117;0
0,374081204;0,571302551;1
0,198308201;0,616352068;1
0,895067642;0,707107512;0
0,986848583;0,331307789;0
0,921780092;0,60476582;0
0,39441734;0,641199456;1
0,66228748;0,172576278;0
0,54010991;0,36968907;0
0,211079481;0,355723261;1
0,30532991;0,383017373;1
0,013402389;0,45706908;1
0,004561941;0,305883443;1
0,987786911;0,710837854;0
0,811796936;0,627185687;0
0,770405691;0,689563521;0
0,903285249;0,150801705;0
0,123774116;0,921355645;1
0,096079544;0,634912017;1
0,551467564;0,284686528;0
0,006517589;0,66317475;1
0,125693299;0,750196776;1
0,055779931;0,10844737;1
0,762673705;0,343663069;0
0,071401559;0,878345924;1
0,718233353;0,063557504;0
0,140407997;0,735852372;1
0,615698355;0,253613264;0
0,471509191;0,482255711;1
0,510352572;0,715323368;1
0,345043076;0,605062439;1
0,084757964;0,697633064;1
0,255801346;0,917631288;1
0,525571897;0,308194446;0
0,140534762;0,711149289;1
0,120470921;0,068797473;0
0,502738875;0,869334946;1
0,285913212;0,714780005;1
0,111967197;0,882879886;1
0,500046264;0,509172066;1
0,377900983;0,70042805;1
0,270558814;0,743705062;1
0,956691026;0,30292933;0
0,458067935;0,514841027;1
0,245020587;0,456334747;1
0,830457072;0,329425067;0
0,303173722;0,522855342;1
0,033219416;0,154244511;1
0,987559319;0,949610361;0
0,479776253;0,811786947;1
0,603535805;0,180402324;0
0,516248804;0,978186183;1
0,977260967;0,943477438;0
0,24719831;0,002901312;0
0,668194583;0,037581015;0
0,146731619;0,302183259;1
0,40512233;0,40626201;1
0,142052868;0,429752413;1
0,344246016;0,934188862;1
0,549932066;0,35745206;0
0,042431706;0,393814265;1
0,231959873;0,748211485;1
0,398790692;0,089664242;0
0,120691003;0,491044863;1
0,442630073;0,692337293;1
0,051452315;0,447066852;1
0,996646618;0,033791149;0
0,694376344;0,720243801;1
0,615021673;0,260605275;0
0,617154604;0,579961964;0
0,829739184;0,011876739;0
0,979285569;0,683814318;0
0,437434746;0,122066351;0
0,846210334;0,125576199;0
0,397083636;0,545390893;1
0,420371801;0,763838863;1
0,891988106;0,009719858;0
0,345661704;0,074918345;0
0,808412953;0,032812111;0
0,994276269;0,24817457;0
0,781063751;0,313033347;0
0,851808753;0,907557429;1
0,660611034;0,771776064;1
0,272112749;0,957756087;1
0,240843233;0,778585705;1
0,425923599;0,543697797;1
0,597558126;0,605362689;1
0,420041197;0,238548986;0
0,767524156;0,139454393;0
0,025691713;0,014629929;0
0,692793027;0,770014214;1
0,753438232;0,273423412;0
0,953557925;0,233922966;0
0,387322075;0,556525803;1
0,056156336;0,828857568;1
0,375340197;0,045233676;0
0,657513179;0,531151221;0
0,701766515;0,956601798;1
0,090736825;0,716080807;1
0,947987089;0,044043294;0
0,534848846;0,022141209;0
0,91024038;0,20836742;0
0,309310875;0,088315138;0
0,724895012;0,321339938;0
0,383458931;0,029346043;0
0,898873062;0,984166191;1
0,068438059;0,830611715;1
0,264999669;0,748702682;1
0,624561222;0,560664919;0
0,680279137;0,87564537;1
0,736900844;0,11250025;0
0,932980546;0,290090083;0
0,614671131;0,960579864;1
0,738305107;0,805518189;1
0,636525894;0,802643148;1
0,170133219;0,454158933;1
0,272335583;0,008873471;0
0,812447799;0,068950023;0
0,403260965;0,123151737;0
0,66008268;0,312900535;0
0,286058987;0,173991148;0
0,961383408;0,10115812;0
0,576555991;0,029021674;0
0,966628827;0,360546461;0
0,513920945;0,007367243;0
0,864223317;0,579196548;0
0,225327508;0,923316084;1
0,243455032;0,201546468;0
0,898826428;0,932504595;1
0,709197578;0,615649917;0
0,975143418;0,608115984;0
0,459564259;0,410898811;0
0,741774562;0,376998751;0
0,668967245;0,795320629;1
0,029612447;0,403570216;1
0,350356104;0,759191987;1
0,082066127;0,08907352;1
0,060837477;0,888202056;1
0,760094943;0,917002405;1
0,627830893;0,624861138;0
0,530466961;0,478976503;0
0,989261894;0,895768828;0
0,30296209;0,387506702;1
0,180701253;0,271642747;1
0,569250094;0,482981204;0
0,466572084;0,333812463;0
0,392229134;0,022288234;0
0,027406837;0,472407554;1
0,341479529;0,785116139;1
0,976349103;0,694487486;0
0,576935002;0,118743012;0
0,770640127;0,744349187;0
0,626411464;0,290608745;0
0,733049956;0,049106154;0
0,149341351;0,094053499;0
0,414641099;0,699965095;1
0,068984738;0,258858213;1
0,884194062;0,719478376;0
0,831994292;0,938839779;1
0,31521051;0,052857551;0
0,898054433;0,334951603;0
0,75309801;0,344636685;0
0,152549468;0,622897643;1
0,715413803;0,554375719;0
0,841638124;0,25297061;0
0,783457558;0,487043214;0
0,997829519;0,377726041;0
0,586114029;0,228303859;0
0,360780558;0,269942174;0
0,373908974;0,843572633;1
0,98722001;0,131526955;0
0,887207831;0,962924101;1
0,185631363;0,964760531;1
0,244131522;0,279451377;1
0,246869379;0,166691752;0
0,173815072;0,842200556;1
0,334305175;0,815712055;1
0,406224846;0,46253271;1
0,623776513;0,559392455;0
0,898007169;0,705271424;0
0,679165084;0,459253088;0
0,131542915;0,322346751;1
0,472889737;0,727856034;1
0,967448177;0,252034908;0
0,498762872;0,080889706;0
0,397081989;0,946930283;1
0,988223383;0,237203264;0
0,768328429;0,235326753;0
0,983144703;0,153322018;0
0,239270461;0,943916944;1
0,466546157;0,041210983;0
0,035349204;0,488912058;1
0,737145478;0,956568001;1
0,84969717;0,122237729;0
0,516698478;0,52989766;1
0,143589908;0,128002968;0
0,776982828;0,975890045;1
0,447454478;0,818227259;1
0,165462475;0,354384654;1
0,256575;0,153921856;0
0,729336148;0,997271284;1
0,061305496;0,562061122;1
0,11327981;0,481418069;1
0,814641325;0,552387062;0
0,461516068;0,878789057;1
0,908791612;0,34498105;0
0,896315098;0,623240056;0
0,20697771;0,570303109;1
0,874093289;0,080655768;0
0,23729151;0,990883313;1
0,68430386;0,987652368;1
0,960120941;0,075473756;0
0,426577663;0,045131272;0
0,174172094;0,315192503;1
0,397372099;0,309537465;0
0,670933439;0,582846064;0
0,485062493;0,610594379;1
0,382591884;0,46086996;1
0,563520179;0,262071031;0
0,489887223;0,040608562;0
0,1551166;0,535218669;1
0,651149414;0,239135522;0
0,726995015;0,548416184;0
0,003674534;0,523762453;1
0,90914291;0,86051089;0
0,661860831;0,066128976;0
0,049639518;0,123845128;1
0,452224799;0,989279531;1
0,164094211;0,344121037;1
0,47067714;0,975735717;1
0,823469016;0,566573237;0
0,849987499;0,864102729;1
0,964226163;0,845940352;0
0,812686658;0,381237139;0
0,264390385;0,81521119;1
0,206351378;0,347159051;1
0,932215054;0,723739852;0
0,39333877;0,237698834;0
0,062371796;0,030409868;0
0,043803307;0,538223545;1
0,006139753;0,863804882;1
0,817111502;0,760155082;0
0,915180765;0,413663903;0
0,741640127;0,81147663;1
0,203827444;0,094194472;0
0,234216428;0,572266185;1
0,898493415;0,746922237;0
0,787754286;0,394969692;0
0,182977023;0,678061178;1
0,505735809;0,82479172;1
0,060984609;0,392053619;1
0,135282406;0,196728027;1
0,022241966;0,584481544;1
0,869824872;0,657858971;0
0,614121985;0,63904562;1
0,33914187;0,282856135;0
0,685661658;0,217542554;0
0,217380618;0,205498137;0
0,231431004;0,2149455;0
0,442216231;0,798992702;1
0,333872335;0,085277565;0
0,266506859;0,812004711;1
0,754990941;0,059267696;0
0,416295239;0,373240915;0
0,950467255;0,631434294;0
0,836579209;0,762317054;0
0,895876131;0,564331807;0
0,255282315;0,523773148;1
0,521109277;0,251560624;0
0,336755396;0,737442103;1
0,656188934;0,71591366;1
0,394847522;0,906148452;1
0,100674171;0,101424837;1
0,461912607;0,014951598;0
0,556358786;0,719813342;1
0,302324865;0,766034593;1
0,630760239;0,948537714;1
0,524295718;0,066857596;0
0,308888249;0,892286196;1
0,463096377;0,900289975;1
0,132588444;0,736147366;1
0,761044441;0,480467823;0
0,134921273;0,111626555;0
0,431132571;0,901075165;1
0,859275012;0,928660372;1
0,466981198;0,810800592;1
0,286228708;0,641429751;1
0,065266582;0,679418466;1
0,657017053;0,196948626;0
0,630263135;0,066854483;0
0,731531924;0,430677871;0
0,954907504;0,29801224;0
0,36932763;0,223889105;0
0,069402912;0,572585387;1
0,867523859;0,630362762;0
0,294664017;0,274525509;0
0,553374748;0,744600431;1
0,782157284;0,132674594;0
0,070176583;0,848288694;1
0,63335816;0,51876607;0
0,041112896;0,194679842;1
0,024230445;0,253902447;1
0,72174122;0,344540796;0
0,885787329;0,336011805;0
0,937187875;0,025282768;0
0,924715623;0,883522542;0
0,756317439;0,842290093;1
0,377416648;0,333510079;0
0,834185135;0,898891392;1
0,686645543;0,213871258;0
0,555200148;0,197071741;0
0,086161039;0,756719672;1
0,554767893;0,331151123;0
0,679406354;0,94707744;1
0,427508558;0,29879609;0
0,162908594;0,013295245;0
0,693489213;0,868405126;1
0,519172049;0,993546151;1
0,80054776;0,395113016;0
0,778441701;0,316859497;0
0,928032527;0,017552439;0
0,726217564;0,968017095;1
0,095381378;0,843257466;1
0,449299624;0,868417562;1
0,976607746;0,150879839;0
0,968944141;0,062406532;0
0,64527009;0,753990281;1
0,092747087;0,629660353;1
0,772038028;0,432994804;0
0,403971065;0,175914865;0
0,279708118;0,180326353;0
0,226447458;0,322321108;1
0,144806122;0,191452686;1
0,092794535;0,687871619;1
0,702720411;0,438239015;0
0,681212104;0,296849477;0
0,457639751;0,075325926;0
0,532345347;0,960245177;1
0,298347284;0,676140812;1
0,402996225;0,473376754;1
0,152467533;0,706019768;1
0,790204345;0,95756369;1
0,198560034;0,179209124;0
0,494472702;0,445784494;0
0,303263656;0,53882757;1
0,147944243;0,334486756;1
0,964014154;0,045644368;0
0,736902954;0,406069447;0
0,518748249;0,347057923;0
0,898280636;0,03671682;0
0,70700054;0,058928257;0
0,394819668;0,118792769;0
0,642192147;0,888894434;1
0,304333875;0,929704422;1
0,08483911;0,314237599;1
0,885412231;0,990408774;1
0,093974644;0,480795033;1
0,95121677;0,287721373;0
0,618180273;0,564699342;0
0,760573938;0,068057928;0
0,620724329;0,580496481;0
0,579232007;0,627403129;1
0,28085312;0,676668757;1
0,099764652;0,042783984;0
0,721565671;0,914346498;1
0,841438958;0,022344507;0
0,821250085;0,066726377;0
0,543564521;0,29723939;0
0,36440279;0,710021906;1
0,500935099;0,071957279;0
0,330397827;0,257044432;0
0,23054681;0,37714659;1
0,604928094;0,017016104;0
0,047341578;0,957166007;1
0,736549372;0,268680687;0
0,487732197;0,751467414;1
0,985776171;0,821080022;0
0,978477422;0,914409968;0
0,142304441;0,711195541;1
0,928956465;0,563079706;0
0,015826244;0,541779906;1
0,727731267;0,606690532;0
0,733758652;0,56611208;0
0,067948843;0,623397996;1
0,797483578;0,638972981;0
0,453301887;0,65208901;1
0,210715296;0,42342796;1
0,735251138;0,107644505;0
0,577392143;0,992906657;1
0,789459413;0,482418898;0
0,082745461;0,907959566;1
0,37577843;0,112444815;0
0,200958292;0,683977267;1
0,645730916;0,837157994;1
0,123875315;0,233666569;1
0,507522816;0,246436298;0
0,105568606;0,826577546;1
0,029104646;0,2695233;1
0,050676121;0,692005169;1
0,182721595;0,093812044;0
0,509664521;0,320631915;0
0,647611578;0,672951019;1
0,509586848;0,361275249;0
0,599184872;0,498855745;0
0,336417346;0,601502237;1
0,723498572;0,603848572;0
0,118066515;0,994353197;1
0,519839076;0,375943176;0
0,995168003;0,910139468;0
0,313348513;0,602464781;1
0,505801026;0,809404149;1
0,819781114;0,311847394;0
0,298702636;0,372095226;1
0,708595766;0,65685442;0
0,869499023;0,482577752;0
0,656476299;0,83667551;1
0,862190588;0,667375164;0
0,92659813;0,918480151;0
0,938733548;0,281712566;0
0,665718685;0,807360107;1
0,597728208;0,422137684;0
0,404526607;0,680151261;1
0,134026937;0,66189891;1
0,301955479;0,93720642;1
0,460327113;0,971822462;1
0,503275701;0,637521306;1
0,762936194;0,18499408;0
0,944275816;0,185240962;0
0,64984569;0,660473599;1
0,946370165;0,438291966;0
0,463716052;0,652629964;1
0,271171919;0,852639971;1
0,069388072;0,814471457;1
0,187384224;0,304083912;1
0,349037554;0,444518415;1
0,914303927;0,792420919;0
0,013763153;0,556695563;1
0,987529898;0,898852119;0
0,174023284;0,884757413;1
0,402955403;0,7536706;1
0,399260233;0,078137871;0
0,785657397;0,047748815;0
0,505883816;0,273094314;0
0,562376724;0,382847845;0
0,701237827;0,064130408;0
0,285373702;0,791756183;1
0,986636787;0,799226792;0
0,224317951;0,275533766;1
0,500954086;0,178142075;0
0,429918996;0,04449767;0
0,516002442;0,141275241;0
0,046858149;0,858762906;1
0,964653078;0,279698132;0
0,065766953;0,843267882;1
0,510019133;0,296699184;0
0,705392018;0,916935114;1
0,624905075;0,840638932;1
0,227494037;0,522960033;1
0,630677142;0,864349801;1
0,153154055;0,974552935;1
0,310789554;0,772621398;1
0,649316783;0,854676468;1
0,835577278;0,694544697;0
0,017702851;0,697792911;1
0,404401032;0,526377582;1
0,799514551;0,001576657;0
0,15958215;0,722701398;1
0,312426775;0,734560551;1
0,631077428;0,893394743;1
0,591020403;0,326516508;0
0,054479042;0,509999935;1
0,869481031;0,349309918;0
0,727987352;0,095151898;0
0,016556441;0,920450664;1
0,744085309;0,241717223;0
0,291676396;0,781239122;1
0,756482102;0,622614886;0
0,103749328;0,972847969;1
0,227429314;0,976150366;1
0,48794304;0,175088078;0
0,87326894;0,776772581;0
0,579075396;0,126642837;0
0,421290005;0,008218637;0
0,813270008;0,794122705;0
0,695272198;0,131359778;0
0,441298462;0,101227192;0
0,470692465;0,870299673;1
0,881422853;0,922222152;1
0,645120187;0,559584727;0
0,14623175;0,387626044;1
0,212386213;0,709053613;1
0,125967688;0,455717494;1
0,536095426;0,861462397;1
0,839857663;0,579615492;0
0,239907181;0,451875785;1
0,022331697;0,696895093;1
0,148335344;0,623287701;1
0,475691027;0,367437676;0
0,878025262;0,096163948;0
0,863209936;0,789150336;0
0,996129804;0,994738005;0
0,757320278;0,07051977;0
0,885761534;0,146987402;0
0,368685072;0,76156502;1
0,715954799;0,040757737;0
0,285713285;0,643029819;1
0,789480603;0,416607455;0
0,205420999;0,123933323;0
0,429848921;0,504037876;1
0,628838785;0,313660651;0
0,559348953;0,400504126;0
0,246343857;0,288468177;1
0,656524029;0,919012411;1
0,132320217;0,672735985;1
0,513409398;0,352759521;0
0,273999127;0,761010292;1
0,587346525;0,648308432;1
0,268436463;0,029968814;0
0,784274715;0,768704688;0
0,148613573;0,264735579;1
0,773292419;0,973945353;1
0,519910466;0,720069994;1
0,586715591;0,332191295;0
0,518979274;0,766172953;1
0,140568162;0,499149689;1
0,315919442;0,452519693;1
0,861279011;0,630526989;0
0,433448761;0,015904152;0
0,059469938;0,643857323;1
0,885861163;0,51270597;0
0,25598456;0,976237723;1
0,287550264;0,221587047;0
0,223942533;0,064889642;0
0,591222187;0,565633687;0
0,564330585;0,309183196;0
0,865947386;0,081850466;0
0,21964931;0,039089304;0
0,301237924;0,061467228;0
0,587055465;0,287404215;0
0,902048786;0,185081852;0
0,523745673;0,086957294;0
0,668750547;0,329134867;0
0,676881229;0,049806364;0
0,952923186;0,321987366;0
0,623935762;0,044921299;0
0,457899805;0,579499166;1
0,647764438;0,047067548;0
0,97886682;0,096738376;0
0,421448828;0,122663581;0
0,975787252;0,549081145;0
0,518607381;0,746737783;1
0,542895538;0,752563306;1
0,37912535;0,866561575;1
0,849169713;0,575515243;0
0,545580094;0,056329765;0
0,815149929;0,633749221;0
0,485749087;0,145670957;0
0,116193977;0,522740728;1
0,143431968;0,823325046;1
0,784685576;0,013307752;0
0,268935571;0,35592676;1
0,556755675;0,288063505;0
0,135706093;0,269234812;1
0,424538798;0,955976942;1
0,057632705;0,938849045;1
0,796816336;0,39979529;0
0,55951067;0,934754218;1
0,771359609;0,781113131;1
0,995014233;0,857375464;0
0,089561162;0,574678528;1
0,721329236;0,407100509;0
0,997325268;0,896143497;0
0,108088555;0,777868403;1
0,456757791;0,43075769;0
0,133051786;0,341559006;1
0,703838565;0,923720867;1
0,306272222;0,901637045;1
0,064320089;0,827580211;1
0,173774171;0,156056322;0
0,1925015;0,578425488;1
0,670351822;0,352392237;0
0,387063584;0,579944789;1
0,070268158;0,928329668;1
0,681048553;0,89077586;1
0,856153233;0,758608823;0
0,097097755;0,440527249;1
0,391861961;0,348359841;0
0,375952977;0,070386435;0
0,515517994;0,851823571;1
0,89426636;0,232261769;0
0,641821044;0,798907954;1
0,20327599;0,2535882;1
0,068881728;0,029367456;0
0,800144928;0,971083864;1
0,423059025;0,736516988;1
0,892316779;0,678680812;0
0,991907562;0,38139512;0
0,400876283;0,026952991;0
0,340688722;0,409622796;1
0,316740841;0,418285564;1
0,364287679;0,366506437;1
0,615732383;0,723931966;1
0,597451947;0,507092444;0
0,685238348;0,288014214;0
0,973820507;0,273393512;0
0,28032689;0,790737593;1
0,173968135;0,849836411;1
0,921908947;0,503042898;0
0,260244408;0,798879833;1
0,375061598;0,35965925;0
0,644742241;0,634405744;0
0,316468368;0,393058972;1
0,192416063;0,549897938;1
0,233172882;0,450378965;1
0,219843195;0,554253388;1
0,079438414;0,849030242;1
0,123873954;0,099470522;0
0,537584475;0,096204814;0
0,68886259;0,615961403;0
0,72011925;0,294170395;0
0,93880175;0,629215168;0
0,008223731;0,456253989;1
0,581682103;0,670550259;1
0,556346828;0,104979463;0
0,689377448;0,573702685;0
0,760952737;0,0010104;0
0,824291948;0,732879067;0
0,527692784;0,495703664;0
0,34151409;0,491091793;1
0,068287719;0,181529699;1
0,264041083;0,335807098;1
0,994168256;0,228359051;0
0,385445683;0,297987096;0
0,786250418;0,287020898;0
0,869610728;0,37642284;0
0,085195507;0,455175228;1
0,483708761;0,380500703;0
0,844551064;0,25356775;0
0,465839525;0,197049535;0
0,599236265;0,976970736;1
0,208154981;0,89900673;1
0,517057135;0,431017195;0
0,158007643;0,653176844;1
0,744378105;0,122975277;0
0,489077005;0,20238617;0
0,649644057;0,704389035;1
0,041755337;0,759419282;1
0,334815982;0,980644247;1
0,433356198;0,108820011;0
0,098590832;0,3934654;1
0,680922883;0,115786659;0
0,027123257;0,876780668;1
0,320848118;0,863870331;1
0,052480022;0,974270814;1
0,369557547;0,103171779;0
0,383875939;0,611164047;1
0,335877645;0,034971696;0
0,890689834;0,952562837;1
0,238137336;0,813204882;1
0,080958176;0,27156445;1
0,301490547;0,903492797;1
0,1800242;0,006012695;0
0,716165809;0,538487072;0
0,790264899;0,215452382;0
0,331327624;0,779370272;1
0,781615635;0,524462189;0
0,776659227;0,854155614;1
0,104693625;0,784526748;1
0,328979582;0,541498588;1
0,261105829;0,004058864;0
0,388399342;0,766303246;1
0,897373646;0,247291237;0
0,766777571;0,665470578;0
0,244290668;0,108880938;0
0,454647548;0,056140204;0
0,272357532;0,173885682;0
0,423181346;0,219431844;0
0,698980956;0,251878883;0
0,817432154;0,517405019;0
0,825474355;0,122547501;0
0,403264912;0,051340571;0
0,651598807;0,630875876;0
0,152431314;0,60741647;1
0,339906003;0,077134266;0
0,019285359;0,457191285;1
0,768292323;0,49706641;0
0,457878138;0,621381349;1
0,043557565;0,41044764;1
0,099561823;0,245801309;1
0,956924308;0,868944858;0
0,608803554;0,60292693;0
0,246745871;0,662774041;1
0,929519434;0,418946882;0
0,429927988;0,460431862;1
0,048975212;0,939086393;1
0,904878655;0,492765496;0
0,978234339;0,48243698;0
0,657781399;0,760876085;1
0,72696148;0,659886942;0
0,48863004;0,952056121;1
0,685782609;0,050920064;0
0,362941147;0,732199178;1
0,40099639;0,592693574;1
0,514352707;0,331667874;0
0,045510027;0,007847748;0
0,991358584;0,297564475;0
0,30960909;0,993721115;1
0,256471497;0,456565831;1
0,61010333;0,310885368;0
0,44698279;0,930620141;1
0,418439031;0,486122198;1
0,411841903;0,225569006;0
0,714056611;0,537515299;0
0,102778001;0,108042436;1
0,380172189;0,118599636;0
0,752450506;0,146620615;0
0,149170462;0,142507068;0
0,660882412;0,536957862;0
0,236943108;0,272687398;1
0,727612772;0,886474307;1
0,258532196;0,186489209;0
0,469510639;0,014303705;0
0,8575145;0,109706668;0
0,833412889;0,919705322;1
0,475977042;0,72008034;1
0,34013455;0,57966005;1
0,54221415;0,911192423;1
0,561502694;0,08504355;0
0,925217724;0,2633112;0
0,274392703;0,125022196;0
0,295641653;0,740038848;1
0,612545754;0,963890708;1
0,890638933;0,518370627;0
0,714448874;0,182648252;0
0,201500325;0,895699284;1
0,108168988;0,43239885;1
0,738032015;0,906755867;1
0,762022865;0,095895069;0
0,278976706;0,274278501;0
0,845218321;0,267527139;0
0,624386418;0,285126755;0
0,621670686;0,09747339;0
0,954893477;0,93186434;0
0,29541316;0,827185435;1
0,631820285;0,010999626;0
0,531294307;0,774805156;1
0,871165786;0,97961104;1
0,58445636;0,158610119;0
0,602631934;0,854210357;1
0,488151016;0,005031375;0
0,942649331;0,451693105;0
0,346526333;0,659911056;1
0,199690353;0,654920826;1
0,098099853;0,996608436;1
0,65211543;0,950626677;1
0,605967243;0,184044857;0
0,811077258;0,79861493;0
0,461756468;0,008138429;0
0,093719857;0,103712831;1
0,102695181;0,407765943;1
0,874544235;0,978907407;1
0,060755967;0,173449903;1
0,847237744;0,238481105;0
0,454108438;0,844194257;1
0,248181023;0,843184216;1
0,988580858;0,167407151;0
0,564317939;0,176982428;0
0,220531221;0,985191771;1
0,8775083;0,957440512;1
0,727563647;0,40801825;0
0,853084338;0,25030626;0
0,177678279;0,334495067;1
0,540302338;0,798873097;1
0,472184249;0,425636254;0
0,732394507;0,908349083;1
0,980597213;0,885438878;0
0,666822627;0,778632377;1
0,683135363;0,876205307;1
0,875393526;0,500005061;0
0,507693167;0,08412415;0
0,467892937;0,154025802;0
0,244844918;0,614332787;1
0,566028778;0,168244602;0
0,760724294;0,619677335;0
0,345168977;0,920137025;1
0,447547093;0,179951705;0
0,515788566;0,479190545;0
0,15734388;0,802664481;1
0,98087832;0,4884985;0
0,298753834;0,815231617;1
0,154602273;0,056471118;0
0,935738242;0,395352539;0
0,673861547;0,956429259;1
0,427910045;0,48060315;1
0,832808755;0,371063775;0
0,171323184;0,575046673;1
0,440642085;0,943873818;1
0,75244155;0,989523133;1
0,615495847;0,594692483;0
0,25416907;0,948167038;1
0,350407829;0,177880484;0
0,613012618;0,528317176;0
0,337724488;0,446576744;1
0,635992068;0,772265287;1
0,516604418;0,1709819;0
0,519535557;0,935421882;1
0,626449212;0,312647149;0
0,949188721;0,769609545;0
0,22348371;0,781826069;1
0,994642906;0,675692684;0
0,877405253;0,302107121;0
0,625946361;0,096084087;0
0,211878305;0,662102994;1
0,915541091;0,342975251;0
0,134251233;0,914979196;1
0,968065057;0,221031499;0
0,619906076;0,525915343;0
0,640770816;0,99252772;1
0,01356943;0,847995748;1
0,78953296;0,88069878;1
0,899555397;0,324756191;0
0,002178196;0,174028409;1
0,516336264;0,619295068;1
0,624427107;0,781934635;1
0,265189249;0,181990273;0
0,398981693;0,48256398;1
0,977628315;0,588998307;0
0,303707419;0,565172786;1
0,566755124;0,597770731;1
0,216122308;0,331478653;1
0,13540508;0,268395948;1
0,978620109;0,308473215;0
0,214331002;0,688284688;1
0,135787354;0,810632579;1
0,052663059;0,6765126;1
0,264638733;0,834546457;1
0,757321111;0,798784557;1
0,435692499;0,961282151;1
0,506658139;0,983431994;1
0,49472363;0,001058653;0
0,094209092;0,53459318;1
0,971210088;0,628253707;0
0,424900084;0,110613832;0
0,270190423;0,701549018;1
0,935250236;0,51672834;0
0,220749125;0,008471631;0
0,189619357;0,243682063;1
0,280595466;0,215148556;0
0,674059583;0,891727397;1
0,59820533;0,47102963;0
0,388846877;0,047952742;0
0,935843015;0,583063259;0
0,826941457;0,348754515;0
0,051275411;0,045125314;0
0,827702101;0,1230959;0
0,387807014;0,641549711;1
0,445734729;0,219138703;0
0,009171541;0,523613234;1
0,28018584;0,528205951;1
0,292017348;0,793379042;1
0,429887898;0,670715748;1
0,70133643;0,340483511;0
0,010357548;0,309747746;1
0,236996663;0,014321636;0
0,401475866;0,386703493;0
0,087691429;0,485472757;1
0,883545938;0,062834186;0
0,436512384;0,277802298;0
0,308790154;0,459916051;1
0,824256855;0,762437452;0
0,687493531;0,524895144;0
0,530413972;0,06802039;0
0,177588684;0,79992383;1
0,897013582;0,457763041;0
0,809968477;0,137543687;0
0,389128865;0,262314567;0
0,478997936;0,063804933;0
0,607400497;0,348072905;0
0,651904478;0,489184222;0
0,76252364;0,531412432;0
0,447709204;0,287531761;0
0,642982501;0,866349045;1
0,280583267;0,564550879;1
0,443286466;0,892729661;1
0,248204006;0,65067911;1
0,151618817;0,672799919;1
0,206526874;0,264279591;1
0,91416014;0,950929825;1
0,582607586;0,626267629;1
0,693303711;0,703040415;1
0,856491024;0,422121814;0
0,486475331;0,345898641;0
0,342732374;0,010191539;0
0,418645227;0,453764599;1
0,118712151;0,65477999;1
0,518565663;0,331780237;0
0,971583788;0,160885824;0
0,329072841;0,586393655;1
0,339169658;0,373584087;1
0,801875628;0,224420727;0
0,159699806;0,42136025;1
0,159243307;0,725750091;1
0,163664479;0,842101497;1
0,91434935;0,349834648;0
0,775018356;0,526529651;0
0,429886513;0,099993616;0
0,259156482;0,936085182;1
0,622387331;0,728126617;1
0,985249343;0,51252362;0
0,636929036;0,635721272;0
0,23306373;0,746192992;1
0,784498197;0,437805649;0
0,003404947;0,551143999;1
0,797409613;0,437133596;0
0,207654502;0,071212882;0
0,199530148;0,828285175;1
0,9775794;0,736253186;0
0,623071546;0,655097729;1
0,055215808;0,128032438;1
0,142298381;0,750794737;1
0,407842013;0,214419643;0
0,778151237;0,548137969;0
0,162767372;0,433482173;1
0,026205698;0,053278503;1
0,85135273;0,201460539;0
0,252927049;0,878430436;1
0,395155673;0,986955386;1
0,687287973;0,400465118;0
0,870989449;0,716371647;0
0,680983329;0,74522776;1
0,139199725;0,942992102;1
0,576989341;0,214574785;0
0,68441309;0,037877781;0
0,316197316;0,286499793;0
0,511834865;0,402455527;0
0,446101267;0,459092221;1
0,520181139;0,852147909;1
0,366031865;0,143088522;0
0,652308131;0,972557682;1
0,871559466;0,846436013;0
0,867972445;0,591659382;0
0,529804539;0,925367735;1
0,959314816;0,06762166;0
0,591015801;0,50324877;0
0,023313041;0,478034083;1
0,182230808;0,020083719;0
0,467467308;0,535348469;1
0,613418019;0,239550358;0
0,139654667;0,829607462;1
0,211771887;0,753336666;1
0,990071042;0,532682743;0
0,330040892;0,2905755;0
0,425836314;0,697722415;1
0,146256487;0,939800054;1
0,545733688;0,849043019;1
0,091977961;0,741238183;1
0,434955977;0,414974404;0
0,083677688;0,159848323;1
0,554912361;0,305514304;0
0,017825063;0,215635333;1
0,644104404;0,439046382;0
0,392263416;0,739471116;1
0,326639648;0,483216847;1
0,264818803;0,983390143;1
0,510278292;0,721939075;1
0,455509704;0,230134153;0
0,81037407;0,023543841;0
0,467321897;0,753826914;1
0,518506069;0,578047827;1
0,203084748;0,123376834;0
0,580645811;0,984101118;1
0,59769926;0,979095049;1
0,656567608;0,458528326;0
0,581482246;0,073706158;0
0,763846992;0,029873886;0
0,163559404;0,239288742;1
0,839750669;0,682141922;0
0,996319183;0,644884328;0
0,660135666;0,843413077;1
0,123253604;0,197379531;1
0,587136378;0,856321188;1
0,146237184;0,461601533;1
0,949722522;0,052272116;0
0,741980934;0,553855154;0
0,872607636;0,209233581;0
0,164592842;0,806214116;1
0,473784896;0,510840118;1
0,3466327;0,757215852;1
0,298114957;0,093927075;0
0,040178594;0,456428569;1
0,381600895;0,760503586;1
0,131933589;0,847250186;1
0,142985288;0,567782773;1
0,381953856;0,376610021;0
0,636812256;0,044089928;0
0,780345109;0,020610056;0
0,427867815;0,158347941;0
0,171247414;0,245476981;1
0,366685527;0,76339725;1
0,977815941;0,253444322;0
0,459303273;0,888338214;1
0,874135818;0,209202671;0
0,152088033;0,939231916;1
0,442453403;0,699602261;1
0,920793799;0,006492052;0
0,980389316;0,514596865;0
0,46354373;0,742899055;1
0,344490571;0,37764592;1
0,209447239;0,501735861;1
0,316219803;0,095253018;0
0,897840393;0,323163294;0
0,070640323;0,221513702;1
0,247923777;0,141200538;0
0,019858395;0,406900992;1
0,996859057;0,589317073;0
0,100130788;0,594923074;1
0,918861164;0,749194802;0
0,13400694;0,937335639;1
0,205047566;0,260516589;1
0,164153158;0,928536372;1
0,777052277;0,33871821;0
0,56014093;0,069136405;0
0,665111139;0,487998011;0
0,873564544;0,101881665;0
0,609828611;0,0542837;0
0,938838718;0,279733184;0
0,285572282;0,736466814;1
0,764895642;0,606932515;0
0,149326339;0,608882501;1
0,619374701;0,080708472;0
0,623203614;0,388768131;0
0,808351005;0,731345178;0
0,317856541;0,811325219;1
0,348579178;0,22908284;0
0,253571678;0,580008372;1
0,921496824;0,355772781;0
0,70348548;0,879365297;1
0,706226054;0,044600301;0
0,150616821;0,251976689;1
0,703733649;0,568575405;0
0,073794002;0,181104019;1
0,052523129;0,199412883;1
0,523627605;0,757873882;1
0,649547315;0,069729072;0
0,233384657;0,783055173;1
0,140135841;0,704965008;1
0,237586013;0,188547585;0
0,874171351;0,038781999;0
0,860734707;0,928772057;1
0,65160844;0,958238808;1
0,874140162;0,457859785;0
0,963683795;0,694528837;0
0,946558942;0,570024582;0
0,886327149;0,969982256;1
0,537677751;0,696580756;1
0,813168782;0,841039427;1
0,242501841;0,651694307;1
0,363949462;0,486610979;1
0,677535166;0,37724585;0
0,197083392;0,321003505;1
0,194512629;0,553684126;1
0,550381267;0,791002586;1
0,018382004;0,844582657;1
0,161014049;0,511117827;1
0,535169661;0,506079099;0
0,428107812;0,129394028;0
0,407089979;0,146235696;0
0,832266255;0,264033443;0
0,192700409;0,30955554;1
0,679935891;0,740921876;1
0,918321225;0,237766795;0
0,046193772;0,707864897;1
0,880855027;0,885713883;1
0,422381803;0,548071164;1
0,455684913;0,797738149;1
0,617389441;0,828089066;1
0,742708036;0,717324085;0
0,995988311;0,593893544;0
0,927941121;0,741380649;0
0,019108669;0,660444293;1
0,381228151;0,972302111;1
0,656994883;0,928065519;1
0,028218766;0,971660762;1
0,611526343;0,152113398;0
0,523938848;0,481839678;0
0,622930222;0,306784184;0
0,139446124;0,497067236;1
0,451247689;0,087588041;0
0,409166844;0,170703621;0
0,90893484;0,029829671;0
0,401132746;0,860012586;1
0,190734262;0,047810847;0
0,816609763;0,705842069;0
0,422549809;0,592355411;1
0,385787827;0,279910575;0
0,716087854;0,597407394;0
0,605264728;0,604474295;0
0,081816126;0,035818257;0
0,130405989;0,674716684;1
0,367869671;0,133272843;0
0,56006368;0,854522796;1
0,740189245;0,146924853;0
0,982452328;0,167349176;0
0,485777687;0,088374466;0
0,000390217;0,710546908;1
0,781658224;0,105150252;0
0,347168883;0,539011686;1
0,295886148;0,690458043;1
0,8315299;0,759311159;0
0,097953056;0,409211292;1
0,373841074;0,878114398;1
0,640265057;0,639003118;0
0,034075899;0,365600443;1
0,319383826;0,534014399;1
0,961655221;0,018476811;0
0,666397146;0,957641494;1
0,086492959;0,746870202;1
0,255562807;0,160847046;0
0,142741078;0,866044601;1
0,277290758;0,221743872;0
0,776444737;0,17590539;0
0,707981416;0,118069265;0
0,602923251;0,562888155;0
0,039418991;0,886333561;1
0,845681609;0,405388256;0
0,229741292;0,079062059;0
0,495063163;0,882124548;1
0,030064378;0,12568773;1
0,647946323;0,93950275;1
0,400443187;0,016721343;0
0,767514885;0,266829072;0
0,383863308;0,376523743;0
0,89140954;0,115565524;0
0,407792409;0,972201596;1
0,376830394;0,950551312;1
0,088449592;0,079108419;0
0,98257696;0,714584607;0
0,921695685;0,675622359;0
0,461904578;0,032282005;0
0,561466908;0,725290992;1
0,493388976;0,511615733;1
0,993977114;0,007696693;0
0,025675854;0,992063226;1
0,259516039;0,968449075;1
0,327162753;0,851228199;1
0,122876296;0,01774716;0
0,745931892;0,954199141;1
0,629360915;0,639964238;1
0,196594767;0,726603798;1
0,463768646;0,8803749;1
0,265953934;0,051344995;0
0,003621898;0,747098565;1
0,115757196;0,778708585;1
0,558915732;0,231008442;0
0,892268826;0,434506848;0
0,901206483;0,444399811;0
0,69988286;0,542890132;0
0,233776801;0,525737002;1
0,529501523;0,254480469;0
0,804764892;0,996172778;1
0,699815928;0,29933233;0
0,000410748;0,5236429;1
0,285078129;0,569546224;1
0,170788465;0,972480631;1
0,203234502;0,217637464;1
0,094680455;0,129832382;1
0,038673083;0,491740952;1
0,393361831;0,271062851;0
0,233436779;0,818596787;1
0,112618547;0,052835142;0
0,433476507;0,641203466;1
0,282106195;0,708321255;1
0,854694597;0,386886298;0
0,034810538;0,777974078;1
0,98238771;0,021964412;0
0,955181126;0,666912569;0
0,984392353;0,363316504;0
0,81880469;0,130625285;0
0,043289478;0,63820195;1
0,292077756;0,583270459;1
0,722297165;0,553996241;0
0,104405118;0,535480811;1
0,935397174;0,148230669;0
0,458760961;0,016481463;0
0,987139626;0,926133804;0
0,413966775;0,747935249;1
0,810145459;0,1288928;0
0,04980664;0,495155942;1
0,616150827;0,814214694;1
0,402995708;0,184821081;0
0,601718615;0,366399314;0
0,231436286;0,706309377;1
0,829954275;0,341686284;0
0,069324872;0,400592532;1
0,232509878;0,738176154;1
0,486891128;0,2013703;0
0,949597671;0,774442452;0
0,067938343;0,15624037;1
0,444118338;0,451450656;1
0,208508332;0,113750016;0
0,807842754;0,814082096;1
0,504488296;0,17678041;0
0,76843354;0,582962657;0
0,222388315;0,24459736;1
0,799743301;0,461279741;0
0,038283396;0,265578736;1
0,73192092;0,682188616;0
0,954979385;0,420975857;0
0,333023764;0,832527315;1
0,327466342;0,810909077;1
0,559208344;0,146538;0
0,728595515;0,421791206;0
0,304665336;0,779664311;1
0,817767497;0,612603049;0
0,811403302;0,495985246;0
0,486410285;0,535718718;1
0,432117461;0,142352077;0
0,1404616;0,066372543;0
0,575424431;0,329680253;0
0,203063092;0,777808966;1
0,417628506;0,67244163;1
0,20396754;0,165520368;0
0,685578463;0,091428278;0
0,831054595;0,857799169;1
0,284374185;0,612812163;1
0,372043201;0,798047655;1
0,556776515;0,216602353;0
0,337917792;0,53859228;1
0,90304035;0,584715535;0
0,234459176;0,465036318;1
0,403820222;0,245490068;0
0,326102535;0,574214205;1
0,395177542;0,07700557;0
0,280365704;0,224878403;0
0,642225994;0,784895644;1
0,291067206;0,944268033;1
0,965938321;0,931252255;0
0,405578664;0,349743092;0
0,209778624;0,889720879;1
0,024010334;0,8116911;1
0,764608588;0,654886277;0
0,441225157;0,122011101;0
0,094861849;0,702042118;1
0,003375259;0,737797187;1
0,213505514;0,029100729;0
0,787749544;0,596160098;0
0,819239108;0,500997759;0
0,148359405;0,396430077;1
0,636273793;0,992772273;1
0,583345204;0,283717466;0
0,20607071;0,055467161;0
0,70551225;0,151999984;0
0,997456803;0,467768041;0
0,823836356;0,741190331;0
0,76838327;0,649202657;0
0,389382566;0,726793905;1
0,004224706;0,516173235;1
0,429446225;0,767935373;1
0,327619504;0,956664285;1
0,78529469;0,284416064;0
0,435272114;0,411356628;0
0,710432098;0,720154822;1
0,950756099;0,181774504;0
0,707258325;0,46097098;0
0,138091465;0,69932808;1
0,323977133;0,054686166;0
0,788880624;0,912876757;1
0,287726577;0,501879257;1
0,797809477;0,689602567;0
0,214783593;0,079651447;0
0,385414126;0,445044938;1
0,932747054;0,362729562;0
0,983513165;0,670106783;0
0,751209183;0,085280295;0
0,619690702;0,723740605;1
0,055625678;0,548241214;1
0,338531511;0,349584793;1
0,239739302;0,013442281;0
0,534264602;0,977225349;1
0,676987828;0,328589966;0
0,219955904;0,520444813;1
0,662878207;0,429979521;0
0,119356285;0,724533982;1
0,853716749;0,793582731;0
0,167920896;0,764628097;1
0,61446084;0,243673552;0
0,636575812;0,251479946;0
0,769371491;0,431951087;0
0,545866131;0,674293447;1
0,407557435;0,679348272;1
0,212478979;0,187597294;0
0,627535788;0,311961568;0
0,831860134;0,644543259;0
0,76269038;0,648434663;0
0,763327168;0,474052142;0
0,701355016;0,204357261;0
0,817953759;0,800335358;0
0,187777746;0,814693968;1
0,196896276;0,162941104;0
0,211621864;0,64884319;1
0,766186732;0,591749697;0
0,913981803;0,097041192;0
0,230864909;0,462131234;1
0,347055555;0,079380381;0
0,698933937;0,588441245;0
0,016883686;0,242380221;1
0,558503663;0,190088483;0
0,606212661;0,9962985;1
0,450085005;0,281543377;0
0,030408652;0,772580114;1
0,989170233;0,88446253;0
0,041021685;0,826290323;1
0,047635199;0,338369218;1
0,114003462;0,655143599;1
0,30955364;0,15063581;0
0,709703342;0,479655542;0
0,123293761;0,958690138;1
0,512464641;0,00465796;0
0,09619218;0,933944237;1
0,693592859;0,699018557;1
0,275064849;0,982575484;1
0,462150024;0,263808152;0
0,643147608;0,353971585;0
0,037450312;0,528335289;1
0,894674903;0,795806229;0
0,965994447;0,434387351;0
0,194584094;0,938172416;1
0,153937317;0,8295179;1
0,217789011;0,857928115;1
0,554746683;0,91651598;1
0,889279584;0,621872523;0
0,318275786;0,462664583;1
0,451647834;0,812699093;1
0,452112627;0,11212539;0
0,588755534;0,831388538;1
0,713314196;0,283670703;0
0,713492002;0,942621756;1
0,255027254;0,997385891;1
0,114951446;0,603635413;1
0,108585776;0,514821534;1
0,115915558;0,603126893;1
0,351243276;0,395578979;1
0,727164095;0,209114608;0
0,381852457;0,819239995;1
0,704748418;0,812362479;1
0,358513843;0,387625201;1
0,014653179;0,684541049;1
0,165095152;0,942807209;1
0,86507665;0,706607153;0
0,55794811;0,491626873;0
0,034603789;0,916572818;1
0,167255757;0,954035369;1
0,170439936;0,263543;1
0,096544244;0,621809724;1
0,755927236;0,482423038;0
0,24338331;0,098618359;0
0,762788985;0,11970766;0
0,538827879;0,580730237;1
0,94783274;0,533324239;0
0,990476232;0,847084949;0
0,045730663;0,5435639;1
0,983758003;0,709280411;0
0,318298915;0,583399453;1
0,453237767;0,524959814;1
0,716673081;0,959479282;1
0,933485349;0,008334793;0
0,550354795;0,620354384;1
0,117624368;0,245998037;1
0,524409677;0,930897522;1
0,562601218;0,954967137;1
0,188921325;0,978359122;1
0,310683521;0,434847844;1
0,96023114;0,185675949;0
0,939325306;0,897792055;0
0,21730239;0,047387761;0
0,805668126;0,166008806;0
0,267951597;0,111247041;0
0,809053205;0,026690513;0
0,4128828;0,510407778;1
0,623336136;0,762573427;1
0,547961152;0,514512085;0
0,514668737;0,231123671;0
0,021360098;0,585824252;1
0,428111046;0,24450435;0
0,020208449;0,489006084;1
0,024228785;0,621951455;1
0,476054803;0,242268899;0
0,52681642;0,568048076;1
0,955279142;0,76047183;0
0,773983136;0,279905038;0
0,160497166;0,153594676;0
0,621565452;0,158748337;0
0,747417477;0,568598873;0
0,153271525;0,295192479;1
0,585346689;0,513333167;0
0,929907388;0,432164379;0
0,469799227;0,629179906;1
0,783392022;0,052828421;0
0,622374638;0,512430692;0
0,044168068;0,325255229;1
0,078569867;0,00784625;0
0,471155097;0,252409043;0
0,425817545;0,020453622;0
0,990231816;0,042395919;0
0,546451729;0,880185485;1
0,942664527;0,259247029;0
0,108854869;0,548242708;1
0,167957826;0,591116761;1
0,370501317;0,588435348;1
0,684952021;0,398879102;0
0,979598679;0,737921265;0
0,051914313;0,604946262;1
0,090711533;0,045230105;0
0,081055446;0,12823211;1
0,67872682;0,47639509;0
0,916933982;0,346750113;0
0,070480721;0,333135755;1
0,592466729;0,155800049;0
0,227966465;0,955500704;1
0,974604478;0,727400297;0
0,402178276;0,424032985;1
0,515443898;0,63737231;1
0,510142075;0,24423097;0
0,593532558;0,833234639;1
0,367741484;0,002929247;0
0,112263374;0,431543643;1
0,608744552;0,096323267;0
0,527434376;0,257752614;0
0,507252848;0,113062699;0
0,140647178;0,169067104;1
0,322734593;0,778243623;1
0,509806746;0,553458282;1
0,745576096;0,012641291;0
0,726104927;0,596351185;0
0,712980944;0,79805099;1
0,419173217;0,207136407;0
0,579596657;0,560391537;0
0,255169278;0,96883761;1
0,610441937;0,24729107;0
0,623041837;0,460072442;0
0,902733823;0,699889069;0
0,606677243;0,93603506;1
0,995300332;0,089423646;0
0,918517928;0,386875294;0
0,003883877;0,886295151;1
0,932662854;0,185437488;0
0,240420034;0,977692384;1
0,98414335;0,660154079;0
0,705758076;0,107312462;0
0,728808924;0,309605246;0
0,894888345;0,187069787;0
0,439987857;0,379431648;0
0,983243788;0,661318676;0
0,782799617;0,800404658;1
0,554590045;0,599770247;1
0,198418343;0,272322091;1
0,53078437;0,667918203;1
0,09787562;0,525587773;1
0,441500592;0,100596382;0
0,309202091;0,687923731;1
0,787641561;0,172728632;0
0,794486223;0,777502282;0
0,557152175;1,55835E-05;0
0,701501143;0,548709372;0
0,058365493;0,910809486;1
0,30008317;0,361103145;1
0,047596676;0,222763552;1
0,908319495;0,761172935;0
0,287049973;0,92480624;1
0,862848146;0,333240322;0
0,389701341;0,92049975;1
0,44265369;0,02125021;0
0,418709354;0,024042849;0
0,978910676;0,910375495;0
0,601674339;0,164014904;0
0,1972446;0,831155077;1
0,575668398;0,80003919;1
0,966859681;0,143588155;0
0,675847148;0,555813;0
0,01955561;0,744430477;1
0,407924081;0,340987145;0
0,614008952;0,728895492;1
0,262341551;0,332403276;1
0,841387054;0,404237054;0
0,291417747;0,396583197;1
0,223170694;0,94404;1
0,225934306;0,40290222;1
0,283233638;0,282020444;0
0,829205849;0,873023033;1
0,552514351;0,14241059;0
0,507360367;0,184765827;0
0,603032445;0,02349344;0
0,661547101;0,907256238;1
0,586617366;0,644697393;1
0,92239023;0,564280823;0
0,499192278;0,276568491;0
0,838555167;0,986908912;1
0,919454055;0,762705554;0
0,606021011;0,318730911;0
0,855543023;0,274823985;0
0,204859353;0,125518889;0
0,478034308;0,758385;1
0,381201005;0,765388652;1
0,424150672;0,430542284;1
0,497449412;0,755896771;1
0,088425584;0,749194128;1
0,582085284;0,567601022;0
0,021103367;0,107325931;1
0,004723005;0,209400941;1
0,554089025;0,71829535;1
0,112010283;0,998277604;1
0,698206768;0,676794684;0
0,751069319;0,954862366;1
0,249842567;0,773352226;1
0,249147343;0,238315706;0
0,964207342;0,821504135;0
0,347776626;0,969140981;1
0,473949704;0,84947898;1
0,860978231;0,629448799;0
0,111600129;0,206861638;1
0,394284316;0,721063225;1
0,853273131;0,540980984;0
0,739342406;0,392435812;0
0,762482388;0,593605662;0
0,235460566;0,701631183;1
0,757028051;0,409139215;0
0,232155528;0,861929724;1
0,4608591;0,448985429;0
0,035379576;0,614918374;1
0,524221099;0,5724125;1
0,399234506;0,373237511;0
0,89943073;0,288726459;0
0,171434958;0,842511408;1
0,024718464;0,121212006;1
0,592182567;0,327339313;0
0,570219283;0,613320589;1
0,58246182;0,765757073;1
0,341338054;0,423183501;1
0,559559699;0,602355892;1
0,397673672;0,693496179;1
0,9456895;0,083477847;0
0,876504015;0,989376455;1
0,98844944;0,918251648;0
0,391369887;0,801283742;1
0,92011523;0,446522878;0
0,457507054;0,491001312;1
0,661642851;0,133836995;0
0,521449839;0,30732821;0
0,982901217;0,598275406;0
0,899669177;0,093525739;0
0,6302044;0,023079266;0
0,346825943;0,433123641;1
0,305839369;0,510767067;1
0,901238999;0,959688959;1
0,106596064;0,479976381;1
0,296318703;0,61732515;1
0,851557368;0,451100245;0
0,729413573;0,530850454;0
0,642781634;0,89059505;1
0,268187746;0,34822;1
0,728129858;0,589807342;0
0,892204987;0,956406337;1
0,509929136;0,190289136;0
0,553089729;0,304634541;0
0,88086692;0,199845109;0
0,856259835;0,8785828;1
0,599542633;0,724199746;1
0,482246576;0,774640038;1
0,012008894;0,901951662;1
0,278789144;0,016920193;0
0,574129472;0,374985956;0
0,827920029;0,241583937;0
0,704574436;0,540177608;0
0,341858421;0,679701594;1
0,40202636;0,676624342;1
0,538903893;0,381229701;0
0,189744535;0,187790458;0
0,434691367;0,698175705;1
0,408683335;0,46592059;1
0,205636495;0,052982057;0
0,293393988;0,948079771;1
0,25612306;0,59926439;1
0,31261078;0,26621191;0
0,548676757;0,815208582;1
0,830817787;0,74485088;0
0,297498834;0,823361603;1
0,877164037;0,404153083;0
0,75488524;0,641812676;0
0,325236991;0,284719162;0
0,258116738;0,943771703;1
0,73412922;0,586675538;0
0,437444051;0,665081255;1
0,312456706;0,915732926;1
0,903656228;0,948135482;1
0,695075829;0,71306472;1
0,756794198;0,423445342;0
0,266643493;0,739755457;1
0,611222907;0,489904473;0
0,172283056;0,407182286;1
0,15187851;0,592575432;1
0,683942328;0,774726654;1
0,217952073;0,926852726;1
0,763684418;0,32223744;0
0,066946644;0,838355641;1
0,240181726;0,847755441;1
0,354215231;0,687841839;1
0,607659895;0,847107672;1
0,412877704;0,53686436;1
0,61612291;0,171382481;0
0,43182709;0,00331018;0
0,415898627;0,347276902;0
0,715808577;0,130118297;0
0,876491142;0,006109766;0
0,262246959;0,154510417;0
0,030436205;0,680333631;1
0,643322059;0,392178309;0
0,824555521;0,216688143;0
0,778625971;0,751238402;0
0,475257923;0,678084047;1
0,843278295;0,592050206;0
0,242599813;0,439034116;1
0,369968066;0,294659615;0
0,964646183;0,02206273;0
0,469057063;0,402053873;0
0,532929182;0,561365508;1
0,054038012;0,719668502;1
0,6222803;0,596668209;0
0,665177773;0,94090042;1
0,759526578;0,326364291;0
0,675509605;0,152685035;0
0,327140252;0,211268044;0
0,984331;0,123429391;0
0,51226766;0,607708482;1
0,817375375;0,796523007;0
0,39452926;0,357765434;0
0,481870724;0,498213161;1
0,722869718;0,722220743;0
0,579232011;0,847303169;1
0,22247083;0,778826778;1
0,225924791;0,532499276;1
0,355379404;0,165338251;0
0,642072312;0,131154612;0
0,643020903;0,723746874;1
0,052142291;0,75305307;1
0,992518804;0,088531023;0
0,387851838;0,759403425;1
0,29905258;0,315835313;1
0,24755084;0,047291328;0
0,050369659;0,158066284;1
0,554216341;0,740183741;1
0,639114663;0,226093669;0
0,212863684;0,608140593;1
0,22643875;0,488251845;1
0,066482105;0,445493742;1
0,546944573;0,478105505;0
0,350458123;0,250903676;0
0,05935541;0,903144713;1
0,647000813;0,8582304;1
0,973094096;0,458846704;0
0,49363884;0,279017462;0
0,412591554;0,6497322;1
0,980250015;0,187938448;0
0,546967259;0,792563703;1
0,678060202;0,480989249;0
0,509236536;0,716914408;1
0,829354417;0,759599612;0
0,816683193;0,979200207;1
0,220174003;0,118320685;0
0,09148866;0,841265944;1
0,452589546;0,888622783;1
0,766198215;0,40056169;0
0,263053094;0,138908076;0
0,943270127;0,623744594;0
0,463819242;0,809251894;1
0,489449651;0,79860714;1
0,727689171;0,246902727;0
0,913066517;0,442788734;0
0,553775587;0,25883834;0
0,446820722;0,65938903;1
0,757802149;0,980205073;1
0,691476762;0,264839796;0
0,602048573;0,915533495;1
0,1223249;0,081601866;0
0,390841853;0,129470594;0
0,676227082;0,533929489;0
0,805873906;0,751850828;0
0,095587569;0,966895275;1
0,27687287;0,686988069;1
0,035233652;0,119373735;1
0,454398589;0,461101197;1
0,532617191;0,325001563;0
0,265945778;0,017072506;0
0,102681471;0,704444159;1
0,54912659;0,949115461;1
0,935761265;0,902054394;0
0,143651751;0,28081267;1
0,539845604;0,077235626;0
0,205072707;0,234636815;1
0,575833334;0,360460951;0
0,253192949;0,831529384;1
0,649822431;0,147340349;0
0,006692875;0,893970602;1
0,011036379;0,220860598;1
0,734337634;0,52079855;0
0,100513613;0,88707571;1
0,775058349;0,663328342;0
0,745775151;0,133254935;0
0,149921478;0,024909502;0
0,015118444;0,752050938;1
0,051430366;0,058557456;1
0,383567532;0,08499543;0
0,439088443;0,968283299;1
0,035858778;0,527465366;1
0,835211048;9,45674E-05;0
0,782230231;0,882042754;1
0,858246781;0,714598118;0
0,712811768;0,167463448;0
0,59459792;0,975133314;1
0,750377701;0,129098087;0
0,205736056;0,219667045;1
0,09479983;0,715136344;1
0,220744122;0,102090782;0
0,160014445;0,593440467;1
0,640395234;0,773658988;1
0,640731059;0,485954699;0
0,248972453;0,827298312;1
0,126538995;0,992032356;1
0,81493316;0,413809882;0
0,61430756;0,517088033;0
0,514182612;0,424061488;0
0,006468333;0,471647772;1
0,025275511;0,552136965;1
0,834479109;0,92664472;1
0,151855993;0,83525283;1
0,898870844;0,864766593;0
0,820522561;0,478180401;0
0,551335718;0,391932423;0
0,987224744;0,873475168;0
0,562961069;0,819563627;1
0,995423063;0,775165815;0
0,947651231;0,790333922;0
0,17219797;0,68322271;1
0,373096576;0,771234644;1
0,349667968;0,422927893;1
0,819486625;0,071683079;0
0,766015685;0,97070172;1
0,639229617;0,460322773;0
0,717068813;0,577809908;0
0,877272715;0,372156529;0
0,892561784;0,522461094;0
0,91126538;0,974496801;1
0,668632939;0,33022632;0
0,659246393;0,599316343;0
0,069975073;0,418079979;1
0,596378478;0,206393857;0
0,733455831;0,602897604;0
0,518767868;0,592193351;1
0,895800239;0,321161156;0
0,895872325;0,902909983;1
0,452296233;0,510417839;1
0,397078737;0,40369181;1
0,600244191;0,286845512;0
0,966219694;0,486518967;0
0,86811622;0,786539585;0
0,734351075;0,274015451;0
0,370956677;0,883340202;1
0,834890041;0,349981279;0
0,510381151;0,156281653;0
0,914701904;0,890369472;0
0,135847291;0,679043908;1
0,422344807;0,379478466;0
0,920720238;0,824956618;0
0,884514359;0,818893881;0
0,765675274;0,749438149;0
0,100701796;0,589603961;1
0,382144637;0,589120186;1
0,135244931;0,360165391;1
0,847442708;0,013068347;0
0,056177937;0,042475546;0
0,384793641;0,161674422;0
0,272281603;0,432514472;1
0,722743126;0,352069922;0
0,515493333;0,988512392;1
0,502001848;0,13687771;0
0,165220586;0,347013071;1
0,685556181;0,024203371;0
0,589261091;0,763084384;1
0,513014939;0,08885923;0
0,639537296;0,071243667;0
0,585572918;0,575521046;0
0,079335631;0,144559129;1
0,962046324;0,91303225;0
0,044869556;0,687250076;1
0,547938689;0,071370246;0
0,855071813;0,979770876;1
0,206899871;0,272316186;1
0,006179956;0,667195584;1
0,43678884;0,98558309;1
0,203070506;0,08450848;0
0,058983644;0,300921346;1
0,910629076;0,180574849;0
0,928136679;0,903105735;0
0,846011076;0,932863382;1
0,406681441;0,492213816;1
0,32235099;0,952830873;1
0,614535968;0,118632039;0
0,600532566;0,442604208;0
0,939118257;0,151981401;0
0,275898775;0,10254614;0
0,859854079;0,693031741;0
0,457537407;0,674825326;1
0,600217959;0,10075801;0
0,791936439;0,22331066;0
0,64146031;0,944715362;1
0,701176738;0,625789732;0
0,614643483;0,284875495;0
0,688231645;0,637322584;0
0,787112264;0,563550366;0
0,951550171;0,648799886;0
0,908505447;0,557600113;0
0,893093752;0,883872365;0
0,614805966;0,31229913;0
0,137717714;0,60724845;1
0,867452452;0,7045851;0
0,43026383;0,834510688;1
0,78832749;0,792858148;1
0,944013005;0,171521515;0
0,753179236;0,093588821;0
0,727148412;0,09719055;0
0,65847916;0,273870134;0
0,56088055;0,229892243;0
0,408469351;0,037208194;0
0,139427229;0,763761125;1
0,421171479;0,041446213;0
0,408855328;0,455233996;1
0,423444926;0,320887662;0
0,626693854;0,992554886;1
0,215387903;0,976118802;1
0,030981481;0,041123574;1
0,104115371;0,714317067;1
0,061179033;0,063140334;1
0,711507618;0,762784393;1
0,533416654;0,959811209;1
0,676787255;0,177805286;0
0,553740503;0,660937472;1
0,415793037;0,770934976;1
0,643995401;0,686781081;1
0,538172043;0,382205539;0
0,752282887;0,408769482;0
0,025335854;0,456924698;1
0,229067984;0,832183277;1
0,714895331;0,458649605;0
0,374538546;0,334677931;0
0,579355402;0,518384952;0
0,895820542;0,525088167;0
0,754798708;0,042535106;0
0,015597963;0,716625703;1
0,501616004;0,422535688;0
0,719476686;0,657157255;0
0,271796255;0,962035375;1
0,727759477;0,47576558;0
0,789132587;0,674877452;0
0,860986296;0,116300155;0
0,088818518;0,695530867;1
0,195757465;0,318255827;1
0,975782279;0,829464746;0
0,816189404;0,790546856;0
0,698142365;0,800197226;1
0,145684002;0,989496199;1
0,711117402;0,869755869;1
0,526498308;0,820070091;1
0,919983259;0,950624103;1
0,218513223;0,568876406;1
0,571545568;0,106365042;0
0,163004321;0,645827365;1
0,388730776;0,2407358;0
0,234028065;0,088752028;0
0,757168246;0,98760636;1
0,117388999;0,744025594;1
0,397494666;0,546109162;1
0,437179858;0,421882153;0
0,987737791;0,786179667;0
0,502225658;0,809839755;1
0,977444973;0,628764927;0
0,35204661;0,318575768;0
0,219766439;0,302669374;1
0,97595189;0,04909737;0
0,713711968;0,602111892;0
0,750867815;0,224367217;0
0,990698606;0,858691301;0
0,02248563;0,753649591;1
0,197855792;0,262960226;1
0,94716359;0,669095426;0
0,910156396;0,861872053;0
0,162715786;0,841153281;1
0,451778494;0,017831019;0
0,571386285;0,804768635;1
0,477665946;0,53184422;1
0,108572483;0,310048023;1
0,567273359;0,123801568;0
0,778524172;0,079183435;0
0,540599235;0,389719753;0
0,82790459;0,992135654;1
0,067087115;0,153247345;1
0,803076223;0,504350427;0
0,620011159;0,325879287;0
0,529803796;0,710180382;1
0,052321433;0,855994085;1
0,910379997;0,115412266;0
0,478952848;0,173822116;0
0,284276392;0,890374836;1
0,066899524;0,515523076;1
0,794434434;0,641498739;0
0,043464851;0,221780989;1
0,77982489;0,896651205;1
0,447256176;0,660308125;1
0,561641208;0,567171799;1
0,982170326;0,467283475;0
0,798687655;0,98552347;1
0,65085611;0,658693677;1
0,861742016;0,22473224;0
0,18301915;0,917231293;1
0,055750566;0,728302135;1
0,323160201;0,500900973;1
0,180339991;0,038528886;0
0,625473225;0,753536757;1
0,497550238;0,577958713;1
0,717927849;0,95951176;1
0,056850508;0,928074386;1
0,119079165;0,756802713;1
0,526945815;0,673734968;1
0,878523642;0,12115119;0
0,536442022;0,565929013;1
0,474502031;0,552972166;1
0,003392481;0,826759154;1
0,696310315;0,885235357;1
0,61003841;0,64460151;1
0,256055373;0,194471353;0
0,410890361;0,236234603;0
0,922119389;0,140083277;0
0,754022036;0,314353279;0
0,102130953;0,935399193;1
0,074232301;0,573015883;1
0,63057024;0,222272251;0
0,157913373;0,450224139;1
0,881850879;0,553779568;0
0,431491808;0,528427281;1
0,899247336;0,278301765;0
0,979745918;0,305650003;0
0,362482826;0,634127087;1
0,681426755;0,481678479;0
0,611194795;0,067956455;0
0,092592098;0,980325066;1
0,717814759;0,656622472;0
0,780448121;0,825280776;1
0,546861379;0,887776634;1
0,066695651;0,816108531;1
0,232445841;0,318945996;1
0,717319024;0,591154121;0
0,654091605;0,677901724;1
0,204033243;0,703679939;1
0,421202462;0,886931963;1
0,178962548;0,744758886;1
0,995038737;0,133569156;0
0,544852033;0,366826037;0
0,257328568;0,753501167;1
0,852171411;0,312428814;0
0,750190305;0,355525183;0
0,711889743;0,240835654;0
0,022704608;0,608845928;1
0,903409293;0,620387155;0
0,739480569;0,214431405;0
0,471793816;0,629200833;1
0,5055619;0,676632763;1
0,394747002;0,205869871;0
0,381308164;0,900333539;1
0,162953696;0,570742773;1
0,802520494;0,305690879;0
0,905034834;0,324392108;0
0,784839789;0,548056482;0
0,240897781;0,279356551;1
0,822256836;0,175067474;0
0,012625397;0,818568977;1
0,569653727;0,268254895;0
0,461850213;0,641277709;1
0,210861663;0,096992478;0
0,516218764;0,685495671;1
0,147160672;0,678359779;1
0,819902026;0,827631612;1
0,389873613;0,850487071;1
0,012076714;0,125135778;1
0,177001262;0,226577336;1
0,749360127;0,642181833;0
0,668193451;0,884907864;1
0,247830164;0,778960925;1
0,898417331;0,181247684;0
0,278610199;0,708808241;1
0,44177307;0,990195267;1
0,103877892;0,396813726;1
0,874959797;0,791593732;0
0,892546576;0,616408395;0
0,016914;0,355758613;1
0,516549944;0,266480722;0
0,041755135;0,618426805;1
0,05703678;0,188254602;1
0,059020641;0,440181129;1
0,473502507;0,048269642;0
0,384034354;0,864636315;1
0,504369324;0,516695318;1
0,436430361;0,943067055;1
0,81934587;0,510837093;0
0,444818004;0,220141124;0
0,915256965;0,68677382;0
0,491099911;0,944582902;1
0,748419683;0,779057973;1
0,342060879;0,663402324;1
0,528096548;0,70526713;1
0,025996883;0,029785377;1
0,210585134;0,838063175;1
0,519614357;0,415778546;0
0,887104111;0,11581134;0
0,242160193;0,705403158;1
0,036707018;0,884869919;1
0,018541225;0,363486453;1
0,197654296;0,378240465;1
0,210639455;0,933879442;1
0,924424382;0,828591256;0
0,565238737;0,517953485;0
0,885232076;0,136105846;0
0,339588684;0,933500093;1
0,225028074;0,29577658;1
0,568997594;0,147858882;0
0,780187818;0,577647379;0
0,921894222;0,614053344;0
0,710379632;0,868033632;1
0,144425266;0,679275535;1
0,97934047;0,748405586;0
0,817569693;0,834222752;1
0,28412805;0,324515995;1
0,738010612;0,966812356;1
0,24965794;0,274342986;1
0,653818658;0,029196779;0
0,649803711;0,683571705;1
0,883234572;0,791755337;0
0,510882365;0,64370528;1
0,997193;0,72249842;0
0,091346568;0,382775534;1
0,432879298;0,669347822;1
0,775637737;0,794851737;1
0,888818429;0,624217141;0
0,369943095;0,008558554;0
0,954407943;0,916458541;0
0,538980931;0,62483753;1
0,924543519;0,251001564;0
0,485583286;0,734237653;1
0,405360933;0,465307672;1
0,307151136;0,206107838;0
0,28583039;0,722867996;1
0,873480639;0,090838274;0
0,743239443;0,736781947;0
0,704308554;0,140186694;0
0,689934131;0,021600962;0
0,125140864;0,472454489;1
0,744688059;0,752132219;1
0,36776487;0,315009279;0
0,451758378;0,039181166;0
0,372435938;0,055539328;0
0,200620812;0,100862743;0
0,569685739;0,229658567;0
0,999803452;0,055006522;0
0,545362851;0,426503142;0
0,858075627;0,832276118;0
0,157118468;0,222295984;1
0,720385988;0,87797273;1
0,75034999;0,590788648;0
0,191731092;0,787634616;1
0,612700232;0,590533769;0
0,016662953;0,028496636;1
0,887083078;0,859414681;0
0,128957637;0,329093485;1
0,658145394;0,592406079;0
0,274442014;0,105636957;0
0,171070189;0,032795888;0
0,354612741;0,560015697;1
0,594588096;0,796255009;1
0,138722886;0,650807682;1
0,318328466;0,132054198;0
0,348666999;0,84275816;1
0,919764467;0,885976194;0
0,672712029;0,971452837;1
0,56651705;0,642747994;1
0,768435705;0,544742185;0
0,194284625;0,68939704;1
0,004059379;0,046899478;1
0,04172759;0,501662273;1
0,624895242;0,48922549;0
0,095223315;0,581890423;1
0,955603572;0,108760993;0
0,386768996;0,163275189;0
0,084307009;0,457750253;1
0,828787224;0,93149707;1
0,636934724;0,703713333;1
0,351318668;0,870110747;1
0,363961083;0,362782454;0
0,109834041;0,870707413;1
0,40027975;0,500621055;1
0,907719346;0,960289997;1
0,10027776;0,959492462;1
0,604209191;0,489198703;0
0,369778402;0,03818709;0
0,229069464;0,929828392;1
0,35274631;0,658728112;1
0,836139682;0,176271056;0
0,72929882;0,645248453;0
0,112540555;0,478094763;1
0,351773359;0,502350343;1
0,431229835;0,248024923;0
0,765212886;0,981410304;1
0,748866508;0,583201167;0
0,952516348;0,755826117;0
0,927433659;0,292103629;0
0,469291127;0,086196282;0
0,315656245;0,043267161;0
0,390720533;0,342877017;0
0,134606618;0,083449286;0
0,149562848;0,282847987;1
0,938330984;0,599986862;0
0,640336768;0,0547544;0
0,474843671;0,484601807;1
0,261623769;0,977968412;1
0,987941794;0,43027267;0
0,663068885;0,23655199;0
0,461404883;0,758956019;1
0,288408945;0,382900619;1
0,341203259;0,499238722;1
0,921161096;0,6489029;0
0,651285962;0,088622343;0
0,124342548;0,938431438;1
0,522316306;0,175359808;0
0,919691609;0,697446385;0
0,840866866;0,831965391;0
0,18136736;0,336558643;1
0,085545921;0,79935122;1
0,50585896;0,028652554;0
0,712461491;0,090373154;0
0,589915289;0,653344474;1
0,316632585;0,433562654;1
0,764736028;0,508547152;0
0,516805071;0,542071441;1
0,726984331;0,619934163;0
0,494625442;0,740317686;1
0,412542955;0,938376953;1
0,289965551;0,417759264;1
0,229435757;0,47269303;1
0,840671295;0,308341265;0
0,22675099;0,940558631;1
0,462871942;0,473462267;1
0,920958278;0,18191405;0
0,655682929;0,265516647;0
0,535601018;0,618192187;1
0,192911558;0,970570761;1
0,453538839;0,301488349;0
0,622639834;0,672610712;1
0,647217653;0,8621687;1
0,37102574;0,517089467;1
0,590423409;0,271173609;0
0,506506386;0,534126857;1
0,870935694;0,52965786;0
0,182654806;0,678344503;1
0,725178191;0,517712305;0
0,008477981;0,387154612;1
0,616469452;0,505870012;0
0,996363103;0,825802377;0
0,924686791;0,676931304;0
0,885275212;0,371465068;0
0,796519338;0,986496261;1
0,819634875;0,829130687;1
0,4248131;0,291954313;0
0,298339678;0,01550034;0
0,130242787;0,760485951;1
0,958300969;0,25546995;0
0,457330658;0,231855183;0
0,577519995;0,783863891;1
0,83807259;0,457361369;0
0,713621783;0,71468999;1
0,352783566;0,682356226;1
0,461238789;0,723472101;1
0,90872778;0,088388917;0
0,350920577;0,408057726;1
0,521159074;0,41308197;0
0,920314902;0,418920867;0
0,860948722;0,603630883;0
0,294595015;0,108078679;0
0,469763176;0,744979269;1
0,126554156;0,690279496;1
0,831443522;0,484239677;0
0,80354204;0,027334902;0
0,430155864;0,215762569;0
0,41137313;0,147748605;0
0,129671832;0,08290521;0
0,466578733;0,319261429;0
0,5937515;0,021364191;0
0,775065597;0,78753333;1
0,258339583;0,206539338;0
0,1625283;0,548099242;1
0,721434543;0,819067008;1
0,566249376;0,493134193;0
0,576656525;0,067375434;0
0,329989171;0,625278924;1
0,770793196;0,668502223;0
0,738621956;0,657480882;0
0,840602104;0,33199857;0
0,025768212;0,912672558;1
0,412459376;0,159438526;0
0,070206269;0,677871603;1
0,051070093;0,786316516;1
0,563537943;0,231829245;0
0,141320122;0,129771438;0
0,601841486;0,489828108;0
0,19917533;0,016867621;0
0,120944264;0,261072527;1
0,401349703;0,800766856;1
0,06729867;0,473266403;1
0,979947731;0,433836212;0
0,578632656;0,907023965;1
0,014277467;0,060062037;1
0,684283803;0,862617894;1
0,817422292;0,430143727;0
0,86901102;0,082048299;0
0,332411556;0,298951331;0
0,595146237;0,091199211;0
0,875529835;0,315785233;0
0,198984071;0,518357151;1
0,355436566;0,735846041;1
0,465154274;0,475127563;1
0,311900917;0,760460121;1
0,085583434;0,082470026;0
0,327014705;0,239496181;0
0,18329858;0,199518488;1
0,750377434;0,482805669;0
0,749767447;0,769203894;1
0,2033099;0,565944754;1
0,771139938;0,143155774;0
0,371492588;0,486547757;1
0,819138901;0,579615725;0
0,373993647;0,211609173;0
0,452847842;0,415992043;0
0,378411174;0,333620103;0
0,555572127;0,460760583;0
0,294200234;0,718337177;1
0,470390981;0,520903099;1
0,613727135;0,699578157;1
0,985479207;0,52299739;0
0,42978131;0,227231452;0
0,879933261;0,767105694;0
0,329530429;0,246481079;0
0,953636791;0,20454394;0
0,573345685;0,118040632;0
0,397917062;0,7731283;1
0,14696947;0,902524457;1
0,278108066;0,668877118;1
0,754341733;0,665322127;0
0,505068911;0,44448718;0
0,674564181;0,796199009;1
0,190340448;0,564132171;1
0,097685013;0,909924299;1
0,245125809;0,2856703;1
0,821783755;0,356660081;0
0,39746676;0,657525129;1
0,215182441;0,980802982;1
0,082594144;0,965322278;1
0,162405068;0,519822602;1
0,975995924;0,745782615;0
0,48288764;0,391776284;0
0,95256177;0,026470238;0
0,11749122;0,250834009;1
0,665810387;0,738270745;1
0,816015868;0,076685026;0
0,414361299;0,828883324;1
0,124235857;0,483783637;1
0,160419247;0,485887706;1
0,344805813;0,930078888;1
0,740883327;0,440013882;0
0,35217257;0,974595604;1
0,111603664;0,672150584;1
0,119599929;0,405435504;1
0,715039365;0,960355559;1
0,752116556;0,942480366;1
0,110418223;0,416247354;1
0,954024406;0,54202368;0
0,431427187;0,663861597;1
0,621956379;0,630080427;1
0,107486234;0,427090719;1
0,097978697;0,709130115;1
0,810829259;0,200177859;0
0,795798244;0,109983629;0
0,862369532;0,676673913;0
0,061655273;0,747086357;1
0,424994091;0,740632686;1
0,752504031;0,007351715;0
0,976630703;0,998482238;1
0,105184091;0,980703223;1
0,358502645;0,425908585;1
0,741218812;0,046474919;0
0,350371975;0,427103794;1
0,566751644;0,124387335;0
0,672556932;0,929382622;1
0,819510923;0,608623816;0
0,709826551;0,910702426;1
0,328716383;0,445508457;1
0,620224753;0,979371324;1
0,567021777;0,446951582;0
0,887247112;0,808667752;0
0,738901485;0,295828877;0
0,585781673;0,524241465;0
0,878673704;0,612936176;0
0,563431231;0,546610288;0
0,293847222;0,252000263;0
0,014140185;0,599265867;1
0,802289348;0,220111364;0
0,381848205;0,103275145;0
0,286858139;0,263912446;0
0,991337776;0,627388612;0
0,527785952;0,511146675;0
0,352968069;0,568437066;1
0,451061658;0,742360061;1
0,93843064;0,801519412;0
0,190272182;0,980925356;1
0,367407684;0,991660719;1
0,079286841;0,802191948;1
0,045294708;0,678708271;1
0,485377544;0,757566893;1
0,843926124;0,81415129;0
0,266537897;0,552603512;1
0,217760159;0,06978349;0
0,254012146;0,098923279;0
0,15925383;0,149157226;0
0,330752259;0,870219362;1
0,804646538;0,366634807;0
0,569364286;0,332372163;0
0,690588246;0,588391664;0
0,743669504;0,161356779;0
0,213781923;0,6385855;1
0,816003999;0,137495448;0
0,319285523;0,539327253;1
0,467126561;0,64905128;1
0,34095735;0,618711367;1
0,696526908;0,032181536;0
0,978770577;0,880985681;0
0,324637844;0,853606376;1
0,169820599;0,392912245;1
0,185617241;0,545662097;1
0,818503023;0,890913086;1
0,810088612;0,406518651;0
0,013670004;0,244706668;1
0,325921247;0,392828087;1
0,174269632;0,848539701;1
0,372276791;0,560557403;1
0,011823914;0,090668674;1
0,067489614;0,101389973;1
0,276961845;0,46109741;1
0,409876524;0,882596953;1
0,719879239;0,381547167;0
0,756757655;0,435938403;0
0,159157365;0,107641425;0
0,650847976;0,204456317;0
0,411038778;0,719636839;1
0,721109675;0,634309571;0
0,73083369;0,474852708;0
0,230551288;0,912661416;1
0,184792772;0,917916185;1
0,872791777;0,26719527;0
0,978142972;0,577909827;0
0,935563253;0,877707775;0
0,097371593;0,292440635;1
0,243784595;0,349372828;1
0,97118484;0,241625205;0
0,514134684;0,997452958;1
0,154129602;0,185062965;1
0,518597925;0,014745229;0
0,79312069;0,009174651;0
0,149128767;0,636491594;1
0,503426495;0,477661635;0
0,689463683;0,592565872;0
0,923124312;0,5582624;0
0,583249355;0,834114128;1
0,98747149;0,248828056;0
0,506988135;0,117197817;0
0,796633177;0,471783661;0
0,641284532;0,289377848;0
0,144873156;0,639269356;1
0,992736133;0,593374507;0
0,777028742;0,561203366;0
0,935361416;0,019401785;0
0,155606835;0,930759886;1
0,707044424;0,20150053;0
0,323089385;0,774992812;1
0,604492236;0,828411826;1
0,235844302;0,908256914;1
0,581909542;0,627349397;1
0,858138036;0,452584083;0
0,516942197;0,11045712;0
0,029127547;0,245378168;1
0,513667205;0,528409204;1
0,487926473;0,01863996;0
0,742611981;0,51073545;0
0,480169466;0,99232675;1
0,060565847;0,126538665;1
0,490924219;0,663569953;1
0,523097857;0,655553781;1
0,858201044;0,066411207;0
0,167199843;0,940020353;1
0,502727169;0,559918288;1
0,580473968;0,588516642;1
0,431842858;0,139872879;0
0,417298984;0,36328719;0
0,310132851;0,533773231;1
0,370656788;0,24018012;0
0,507868041;0,697025776;1
0,057628326;0,454753624;1
0,942494286;0,857216152;0
0,527093963;0,903223135;1
0,884509124;0,838442401;0
0,733646372;0,138119768;0
0,08660494;0,622935942;1
0,710670934;0,748575116;1
0,518001412;0,969202362;1
0,722978586;0,786423655;1
0,893214385;0,917649865;1
0,396350894;0,863671744;1
0,870350682;0,988019232;1
0,756963184;0,418635096;0
0,997986889;0,954177067;0
0,281845862;0,322848924;1
0,687617611;0,773350252;1
0,373405156;0,386022642;1
0,126297265;0,199194378;1
0,577642967;0,963537258;1
0,412847753;0,737376187;1
0,058891972;0,488222455;1
0,785836223;0,647413626;0
0,131981926;0,67477626;1
0,070969846;0,750860818;1
0,461627023;0,760099379;1
0,449012918;0,959478343;1
0,922250875;0,831757266;0
0,696953898;0,277177137;0
0,786792323;0,975943846;1
0,264919802;0,247231665;0
0,310153313;0,50801812;1
0,861300957;0,258606633;0
0,779481635;0,640257317;0
0,129779462;0,540940864;1
0,626791538;0,150922524;0
0,430594884;0,989284935;1
0,918037869;0,149278181;0
0,977999567;0,919360873;0
0,289263966;0,935508102;1
0,761960501;0,651129134;0
0,987713868;0,694260753;0
0,087000989;0,576544372;1
0,791748723;0,480683459;0
0,355956831;0,038775195;0
0,708636163;0,30419082;0
0,128270516;0,792269252;1
0,227940198;0,414387126;1
0,392577642;0,34760593;0
0,763129678;0,897607559;1
0,975115012;0,103132149;0
0,439656358;0,424109258;0
0,330279378;0,184071232;0
0,30120135;0,008598024;0
0,162990705;0,047150064;0
0,047363011;0,6767263;1
0,868665599;0,469904869;0
0,416531046;0,234829059;0
0,830892237;0,699983882;0
0,357849938;0,873399101;1
0,445843989;0,950620498;1
0,570691059;0,640111359;1
0,176396928;0,66714389;1
0,574979426;0,723951082;1
0,714217246;0,757253793;1
0,391782943;0,2023887;0
0,828552498;0,225442345;0
0,32856206;0,040654622;0
0,647853327;0,995042816;1
0,189717918;0,285683929;1
0,355174555;0,566921102;1
0,027645838;0,504136342;1
0,642064902;0,270621041;0
0,272360199;0,545716188;1
0,712954005;0,456587701;0
0,978494573;0,273844004;0
0,659371087;0,339294054;0
0,81533829;0,123105389;0
0,729668575;0,79222866;1
0,932298066;0,525625482;0
0,475110827;0,738091271;1
0,103536176;0,431778543;1
0,183846352;0,936002993;1
0,451568669;0,78992838;1
0,144754211;0,363395931;1
0,81333783;0,075614154;0
0,742612943;0,88344983;1
0,331041875;0,977733521;1
0,977461105;0,867066994;0
0,679554782;0,135240845;0
0,776772488;0,214098099;0
0,436934801;0,954702557;1
0,763089747;0,438284538;0
0,251958193;0,077892881;0
0,507410136;0,896989128;1
0,70230874;0,539942655;0
0,013960731;0,502352998;1
0,18796154;0,485899331;1
0,582546497;0,660115146;1
0,823247073;0,093817701;0
0,254429797;0,760001808;1
0,666971556;0,727225162;1
0,631040401;0,975969518;1
0,632120306;0,501584215;0
0,112025698;0,488112225;1
0,791348546;0,162230865;0
0,09188809;0,640175954;1
0,337703127;0,419524458;1
0,847759034;0,726581969;0
0,949098269;0,90189702;0
0,203281672;0,187957255;0
0,652864237;0,697192913;1
0,729188562;0,998045978;1
0,890482937;0,071184035;0
0,332801117;0,416675969;1
0,73813019;0,662348843;0
0,790592789;0,24113691;0
0,387481159;0,028632219;0
0,704783784;0,621085654;0
0,846123465;0,679388095;0
0,586310744;0,929961801;1
0,046886206;0,226350541;1
0,843891687;0,170660999;0
0,586815337;0,807943681;1
0,512030057;0,08185274;0
0,478414114;0,358452263;0
0,746447641;0,251951761;0
0,165021772;0,232877088;1
0,06825579;0,664257299;1
0,295465616;0,142228956;0
0,165757963;0,328100561;1
0,302850649;0,500647166;1
0,798753185;0,359692816;0
0,859838043;0,416847553;0
0,173181927;0,555338891;1
0,765290123;0,199478263;0
0,918514216;0,324175816;0
0,490190753;0,243586554;0
0,808473804;0,25830636;0
0,197657201;0,867324214;1
0,10523961;0,970487533;1
0,028189919;0,679625161;1
0,581445325;0,321633789;0
0,820362904;0,464923057;0
0,74956394;0,449983158;0
0,122920256;0,859854948;1
0,634270553;0,024369254;0
0,111357878;0,564783208;1
0,983067354;0,165699923;0
0,577130433;0,004037415;0
0,137734711;0,720358416;1
0,393437401;0,548507304;1
0,79514388;0,095360574;0
0,381237987;0,326918131;0
0,39285952;0,075821365;0
0,587757794;0,781887259;1
0,200390145;0,202706731;1
0,963100075;0,29362967;0
0,232538575;0,436249914;1
0,217965014;0,491939791;1
0,84071248;0,73689297;0
0,726999254;0,097541628;0
0,892379568;0,405512414;0
0,509923773;0,215092084;0
0,452918326;0,937047405;1
0,871664079;0,979645554;1
0,274979763;0,3238935;1
0,896454935;0,192055423;0
0,137552771;0,298609465;1
0,381458156;0,731542507;1
0,424069384;0,127929892;0
0,547910037;0,021487385;0
0,765559165;0,396071418;0
0,050515758;0,08890145;1
0,35188246;0,542922514;1
0,5843468;0,012548202;0
0,952489042;0,975585418;1
0,349106278;0,484535134;1
0,677825111;0,640674474;0
0,023082457;0,078802221;1
0,816615315;0,60801692;0
0,699092045;0,774433151;1
0,990093971;0,405076673;0
0,482181513;0,629355299;1
0,58897655;0,828300887;1
0,930009873;0,774274515;0
0,140797272;0,328069538;1
0,144117562;0,178970287;1
0,719137752;0,977616472;1
0,779030627;0,9949218;1
0,18288576;0,956937183;1
0,785367502;0,464563827;0
0,025774692;0,65486535;1
0,407395494;0,376745091;0
0,906425915;0,182296956;0
0,330442373;0,454598903;1
0,919512058;0,050915488;0
0,689597824;0,447090866;0
0,952635399;0,299176649;0
0,858472991;0,78856873;0
0,821988342;0,501290765;0
0,477387486;0,16634093;0
0,386686132;0,612256435;1
0,243378089;0,275711748;1
0,599286215;0,761300941;1
0,84064231;0,381061131;0
0,660501532;0,066828634;0
0,653757206;0,818327767;1
0,746848014;0,45639534;0
0,094756298;0,698861112;1
0,095233608;0,68812847;1
0,90970653;0,716137221;0
0,777442649;0,091504559;0
0,149831757;0,508715445;1
0,113678918;0,616179957;1
0,221751046;0,912770529;1
0,713814266;0,904496671;1
0,342259113;0,749289913;1
0,233842071;0,832120865;1
0,654504768;0,896916946;1
0,261430335;0,991972295;1
0,449621931;0,93694302;1
0,650708188;0,108280056;0
0,1821954;0,506191548;1
0,466829475;0,516726589;1
0,532820735;0,200523032;0
0,616279269;0,718789113;1
0,409177109;0,904561403;1
0,411019981;0,296860753;0
0,678561098;0,036272619;0
0,930477018;0,449931225;0
0,044339265;0,208373727;1
0,923311983;0,313633654;0
0,415053625;0,924807667;1
0,00282038;0,562366626;1
0,336642719;0,669850287;1
0,223568312;0,679729842;1
0,579141348;0,859384496;1
0,778873581;0,580443715;0
0,29278967;0,790820383;1
0,222906085;0,960401452;1
